[
  {
    "query": "Métricas de avaliação de modelos de machine learning",
    "image_info": {
      "url": "https://miro.medium.com/v2/resize:fit:1200/1*XBhArAEOw17ipDex7s5Nqg.jpeg",
      "img_format": "JPEG",
      "mode": "RGB",
      "file_size": 96331,
      "width": 1200,
      "height": 675,
      "total_pixels": 810000,
      "basic_score": 0.9189540404205199,
      "file_name": "evaluation_metrics_5.jpeg"
    },
    "llm_score": null
  },
  {
    "query": "Métricas de avaliação de modelos de machine learning",
    "image_info": {
      "url": "https://www.altexsoft.com/static/blog-post/2023/11/72fd24c9-98f8-40cd-a488-7cf3e4895365.jpg",
      "img_format": "JPEG",
      "mode": "RGB",
      "file_size": 39778,
      "width": 1025,
      "height": 658,
      "total_pixels": 674450,
      "basic_score": 0.8908753855327982,
      "file_name": "evaluation_metrics_7.jpg"
    },
    "llm_score": null
  },
  {
    "query": "Métricas de avaliação de modelos de machine learning",
    "image_info": {
      "url": "https://miro.medium.com/v2/resize:fit:1400/1*gHBqrUhWTCnJVHT4ltm-Zg.png",
      "img_format": "PNG",
      "mode": "RGB",
      "file_size": 1677155,
      "width": 1400,
      "height": 933,
      "total_pixels": 1306200,
      "basic_score": 0.8897121960930059,
      "file_name": "evaluation_metrics_8.png"
    },
    "llm_score": null
  },
  {
    "query": "Arquitetura de governança de IA com camadas técnicas",
    "image_info": {
      "url": "https://itgovernance.com/artificial-intelligence/images/joomlart/blog/AI%20system%20framework.png",
      "img_format": "PNG",
      "mode": "RGBA",
      "file_size": 977620,
      "width": 1000,
      "height": 675,
      "total_pixels": 675000,
      "basic_score": 0.928819963478172,
      "file_name": "governance_architecture_0.png"
    },
    "llm_score": null
  },
  {
    "query": "Arquitetura de governança de IA com camadas técnicas",
    "image_info": {
      "url": "https://www.ibm.com/content/adobe-cms/us/en/architectures/hybrid/ai-governance/jcr:content/root/table_of_contents/body/content_section_styled/content-section-body/simple_narrative/image.coreimg.png/1726797538942/governance-conceptual.png",
      "img_format": "PNG",
      "mode": "RGBA",
      "file_size": 70950,
      "width": 1280,
      "height": 720,
      "total_pixels": 921600,
      "basic_score": 0.9169769376095338,
      "file_name": "governance_architecture_6.png"
    },
    "llm_score": null
  },
  {
    "query": "Arquitetura de governança de IA com camadas técnicas",
    "image_info": {
      "url": "https://miro.medium.com/1*tnjpVi1_NedwT1YIopgUNQ.png",
      "img_format": "PNG",
      "mode": "RGBA",
      "file_size": 216994,
      "width": 958,
      "height": 691,
      "total_pixels": 661978,
      "basic_score": 0.8970043131238665,
      "file_name": "governance_architecture_2.png"
    },
    "llm_score": null
  },
  {
    "query": "Diagrama de fluxo de decisão para sistemas de IA",
    "image_info": {
      "url": "https://cdn.prod.website-files.com/639f0e217670a122443ac7f8/671a6ce7889e53bf59f1a1bb_65bf23aabc19eafdb08e6f00_Documentation%2520process%2520flowchart%2520for%2520open-source%2520projects.webp",
      "img_format": "WEBP",
      "mode": "RGB",
      "file_size": 72258,
      "width": 1632,
      "height": 841,
      "total_pixels": 1372512,
      "basic_score": 0.9007358071660136,
      "file_name": "decision_flow_7.webp"
    },
    "llm_score": null
  },
  {
    "query": "Diagrama de fluxo de decisão para sistemas de IA",
    "image_info": {
      "url": "https://easy-peasy.ai/cdn-cgi/image/quality=80,format=auto,width=700/https://media.easy-peasy.ai/27feb2bb-aeb4-4a83-9fb6-8f3f2a15885e/8664a230-8697-4f41-b78d-1d08cc7d2cb3.png",
      "img_format": "JPEG",
      "mode": "RGB",
      "file_size": 39094,
      "width": 700,
      "height": 700,
      "total_pixels": 490000,
      "basic_score": 0.8467757369013547,
      "file_name": "decision_flow_5.png"
    },
    "llm_score": null
  },
  {
    "query": "Diagrama de fluxo de decisão para sistemas de IA",
    "image_info": {
      "url": "https://cms.boardmix.com/images/articles/sales-process-flowchart-example-2.png",
      "img_format": "PNG",
      "mode": "P",
      "file_size": 46892,
      "width": 1113,
      "height": 486,
      "total_pixels": 540918,
      "basic_score": 0.8101775209234082,
      "file_name": "decision_flow_4.png"
    },
    "llm_score": null
  }
]